block_id,assigned_school,population,students,walk_dist_m,drive_dist_m,walk_dist_mi,drive_dist_mi,walkable
230050033001005,Dyer,114,4.03,251.9,158.0,0.157,0.098,True
230050032001004,Small,199,0.06,115.7,822.2,0.072,0.511,True
230050033001003,Dyer,264,5.08,213.5,119.6,0.133,0.074,True
230050032001001,Small,87,1.03,344.7,253.0,0.214,0.157,True
230050033001009,Dyer,15,0.0,269.7,1172.3,0.168,0.728,True
230050033001004,Dyer,63,1.02,389.4,295.5,0.242,0.184,True
230050033001011,Dyer,35,1.01,331.2,1233.8,0.206,0.767,True
230050032001002,Small,57,1.02,490.7,399.0,0.305,0.248,True
230050035002008,Small,53,1.02,589.5,399.0,0.366,0.248,True
230050033001006,Dyer,48,1.01,458.3,549.4,0.285,0.341,True
230050033001017,Dyer,78,3.02,466.3,464.5,0.29,0.289,True
230050033001001,Dyer,16,0.0,461.4,667.2,0.287,0.415,True
230050033001018,Dyer,25,0.01,662.0,545.2,0.411,0.339,True
230050033001010,Dyer,48,3.01,573.7,1172.9,0.356,0.729,True
230050033001002,Dyer,35,0.01,598.7,629.2,0.372,0.391,True
230050033001000,Dyer,16,0.0,633.1,931.1,0.393,0.579,True
230050032001000,Small,129,2.04,658.3,640.5,0.409,0.398,True
230050035002021,Small,62,2.02,668.3,773.1,0.415,0.48,True
230050035001017,Small,147,0.04,673.0,987.5,0.418,0.614,True
230050032001003,Small,796,15.24,675.2,1195.7,0.42,0.743,True
230050035001018,Small,40,0.01,699.3,1014.8,0.435,0.631,True
230050035002025,Small,27,0.01,797.9,706.1,0.496,0.439,True
230050035002004,Small,25,0.01,891.9,624.9,0.554,0.388,True
230050035002020,Small,95,0.03,737.9,1072.7,0.458,0.667,True
230050035001014,Small,48,0.01,569.0,895.5,0.354,0.556,True
230050032001010,Small,67,1.02,744.0,1246.6,0.462,0.775,True
230050035002016,Small,44,0.01,823.1,744.5,0.511,0.463,True
230050034005003,Dyer,38,0.01,841.6,747.7,0.523,0.465,True
230050035002009,Small,22,0.01,750.1,770.0,0.466,0.478,True
230050032001009,Small,60,1.02,782.0,1104.3,0.486,0.686,True
230050035001024,Small,22,0.01,797.8,1062.7,0.496,0.66,True
230050035001016,Small,89,1.03,809.1,1062.1,0.503,0.66,True
230050035001015,Small,52,0.02,776.7,1359.5,0.483,0.845,True
230050035001013,Small,176,1.05,834.4,1141.3,0.518,0.709,True
230050035002017,Small,60,3.02,932.6,840.8,0.579,0.522,True
230050035002030,Small,34,0.01,930.0,851.5,0.578,0.529,True
230050034005004,Dyer,17,1.01,952.8,858.9,0.592,0.534,True
230050035001012,Small,31,0.01,867.5,1194.1,0.539,0.742,True
230050034001005,Small,37,0.01,874.4,1148.2,0.543,0.713,True
230050035002010,Small,27,1.01,1033.1,884.6,0.642,0.55,True
230050035003023,Small,31,0.01,883.5,791.8,0.549,0.492,True
230050035002006,Small,131,0.04,916.6,897.6,0.57,0.558,True
230050033001007,Dyer,655,12.2,912.1,1236.6,0.567,0.768,True
230050034005005,Dyer,22,0.01,920.7,1000.8,0.572,0.622,True
230050034005006,Dyer,24,0.01,920.7,1000.8,0.572,0.622,True
230050034005002,Dyer,140,4.04,1370.5,929.7,0.852,0.578,False
230050035001020,Small,94,1.03,940.8,1265.4,0.585,0.786,True
230050035002015,Small,93,0.03,1152.5,942.4,0.716,0.586,True
230050035001025,Small,28,2.01,950.4,1146.8,0.591,0.713,True
230050032001006,Small,99,2.03,1045.4,953.7,0.65,0.593,True
230050032002000,Small,33,0.01,1059.2,967.5,0.658,0.601,True
230050035002001,Small,26,0.01,1111.6,995.0,0.691,0.618,True
230050035002014,Small,69,3.02,1089.9,998.2,0.677,0.62,True
230050035003014,Small,120,2.04,1134.9,1003.3,0.705,0.623,True
230050035002003,Small,134,0.04,1268.9,1008.3,0.788,0.627,False
230050031003005,Dyer,30,0.01,1014.5,1107.3,0.63,0.688,True
230050035001008,Small,27,0.01,1015.1,1173.2,0.631,0.729,True
230050035003015,Small,108,2.03,1109.5,1017.8,0.689,0.632,True
230050035003016,Small,96,1.03,1109.5,1017.8,0.689,0.632,True
230050034001007,Small,33,0.01,1020.7,1348.0,0.634,0.838,True
230050035001010,Small,37,1.01,1035.8,1244.7,0.644,0.773,True
230050035001011,Small,20,1.01,1035.8,1244.7,0.644,0.773,True
230050034001004,Small,47,1.01,1037.3,1372.2,0.645,0.853,True
230050035001021,Small,32,1.01,1040.0,1379.0,0.646,0.857,True
230050034001006,Small,72,0.02,1042.9,1358.4,0.648,0.844,True
230050032001007,Small,24,0.01,1049.2,1370.5,0.652,0.852,True
230050032002001,Small,46,1.01,1142.7,1051.0,0.71,0.653,True
230050035002022,Small,20,0.01,1075.3,967.5,0.668,0.601,True
230050035002023,Small,39,0.01,1142.7,1051.0,0.71,0.653,True
230050035001023,Small,21,0.01,1058.2,1384.7,0.658,0.86,True
230050035001001,Small,156,1.05,1072.7,1399.2,0.667,0.869,True
230050035001006,Small,19,0.01,1072.7,1399.2,0.667,0.869,True
230050035001005,Small,33,0.01,1082.0,1408.5,0.672,0.875,True
230050031003004,Dyer,50,1.02,1087.7,1180.1,0.676,0.733,True
230050035002012,Small,36,0.01,1183.3,1091.6,0.735,0.678,True
230050032001008,Small,32,0.01,1093.6,1315.0,0.68,0.817,True
230050034001001,Small,47,0.01,1094.7,1417.5,0.68,0.881,True
230050034001003,Small,18,0.01,1114.2,1449.1,0.692,0.9,True
230050035001002,Small,36,0.01,1118.1,1238.3,0.695,0.769,True
230050034001000,Small,26,0.01,1122.2,1490.1,0.697,0.926,True
230050032001005,Small,40,0.01,1127.3,1201.6,0.7,0.747,True
230050035003013,Small,22,0.01,1220.5,1128.8,0.758,0.701,False
230050035002018,Small,338,0.1,1201.7,1129.0,0.747,0.702,True
230050034001010,Small,24,0.01,1129.2,1455.2,0.702,0.904,True
230050035002024,Small,21,0.01,1224.7,1133.0,0.761,0.704,False
230050035003022,Small,51,0.02,1228.4,1139.1,0.763,0.708,False
230050035003021,Small,48,0.01,1210.5,1139.1,0.752,0.708,False
230050032002002,Small,26,0.01,1245.7,1146.3,0.774,0.712,False
230050034001016,Small,19,0.01,1148.5,1476.6,0.714,0.918,True
230050035001009,Small,19,0.01,1152.5,1430.4,0.716,0.889,True
230050034001012,Small,79,4.02,1155.4,1469.8,0.718,0.913,True
230050035002002,Small,187,0.06,1300.1,1156.5,0.808,0.719,False
230050035001004,Small,42,1.01,1158.7,1251.1,0.72,0.777,True
230050032002008,Small,63,0.02,1162.7,1370.5,0.722,0.852,True
230050035003020,Small,34,1.01,1279.0,1187.3,0.795,0.738,False
230050034001002,Small,42,1.01,1192.7,1527.6,0.741,0.949,True
230050035003009,Small,25,1.01,1289.6,1197.9,0.801,0.744,False
230050035003017,Small,30,2.01,1302.0,1210.3,0.809,0.752,False
230050035003018,Small,25,0.01,1302.0,1210.3,0.809,0.752,False
230050035003011,Small,50,0.02,1305.1,1213.3,0.811,0.754,False
230050032002003,Small,42,0.01,1365.7,1274.9,0.849,0.792,False
230050035003019,Small,42,0.01,1685.7,1287.1,1.047,0.8,False
230050035003007,Small,53,0.02,1390.0,1298.3,0.864,0.807,False
230050032002004,Small,36,0.01,1398.4,1301.2,0.869,0.809,False
230050035003006,Small,46,0.01,1400.5,1308.8,0.87,0.813,False
230050035003008,Small,20,0.01,1412.8,1321.1,0.878,0.821,False
230050035002026,Small,84,0.03,1421.5,1333.2,0.883,0.828,False
230050034005008,Dyer,53,0.02,1344.8,1505.5,0.836,0.935,False
230050033001013,Dyer,22,1.01,1344.9,1496.8,0.836,0.93,False
230050032002009,Small,47,0.01,1356.8,1668.9,0.843,1.037,False
230050032002010,Small,20,0.01,1308.9,1623.1,0.813,1.009,False
230050032003000,Small,694,1.21,1648.1,1367.7,1.024,0.85,False
230050032002007,Small,35,0.01,1368.8,1478.2,0.851,0.919,False
230050032002006,Small,39,0.01,1467.7,1377.0,0.912,0.856,False
230050034005000,Dyer,251,2.08,1380.0,1430.4,0.857,0.889,False
230050031003003,Dyer,82,5.03,1381.9,1425.9,0.859,0.886,False
230050035003004,Small,56,0.02,1499.9,1408.2,0.932,0.875,False
230050031003002,Dyer,45,0.01,1440.6,1494.3,0.895,0.929,False
230050031003001,Dyer,48,1.01,1482.0,1573.2,0.921,0.978,False
230050034005001,Dyer,26,1.01,1518.2,1613.5,0.943,1.003,False
230050034001014,Small,85,1.03,1544.7,1860.2,0.96,1.156,False
230050034001015,Small,37,1.01,1544.7,1860.2,0.96,1.156,False
230050034002010,Small,41,1.01,1507.7,1840.9,0.937,1.144,False
230050034002000,Small,116,1.04,1444.6,1749.4,0.898,1.087,False
230050032002011,Small,87,2.03,1630.9,1550.9,1.013,0.964,False
230050034001011,Small,117,1.04,1558.1,1891.3,0.968,1.175,False
230050031003000,Dyer,406,11.12,1558.2,1649.4,0.968,1.025,False
230050032002012,Small,33,0.01,1573.3,1608.5,0.978,0.999,False
230050032002013,Small,75,2.02,1680.6,1589.1,1.044,0.987,False
230050032002005,Small,53,1.02,1685.1,1605.2,1.047,0.997,False
230050031002013,Dyer,32,0.01,1606.6,1717.5,0.998,1.067,False
230050034005009,Dyer,39,1.01,1675.1,1757.4,1.041,1.092,False
230050034002001,Small,118,2.04,1675.4,1978.7,1.041,1.23,False
230050034002002,Small,77,0.02,1675.4,1978.7,1.041,1.23,False
230050031001006,Dyer,36,0.01,1717.6,1808.8,1.067,1.124,False
230050035002011,Small,331,6.1,1826.0,1734.3,1.135,1.078,False
230050031002012,Dyer,494,4.15,1802.0,2037.9,1.12,1.266,False
230050031001005,Dyer,77,1.02,1843.3,1934.5,1.145,1.202,False
230050034003000,Small,114,2.03,1853.6,2193.1,1.152,1.363,False
230050034003001,Small,45,1.01,1853.6,2193.1,1.152,1.363,False
230050031001004,Dyer,52,0.02,2045.5,1905.4,1.271,1.184,False
230050031001003,Dyer,48,1.01,2106.4,1977.1,1.309,1.229,False
230050034002003,Small,87,1.03,2085.6,2194.2,1.296,1.363,False
230050034002004,Small,14,0.0,1958.3,1983.0,1.217,1.232,False
230050034002007,Small,51,1.02,1930.2,2069.4,1.199,1.286,False
230050034002008,Small,101,3.03,2085.6,2194.2,1.296,1.363,False
230050034003009,Small,48,0.01,2092.9,2426.1,1.3,1.508,False
230050031002009,Dyer,106,1.03,2097.3,2101.8,1.303,1.306,False
230050031002014,Dyer,62,2.02,2097.3,2101.8,1.303,1.306,False
230050034003002,Small,70,2.02,2117.4,2193.1,1.316,1.363,False
230050034003008,Small,60,1.02,2151.5,2632.4,1.337,1.636,False
230050034002009,Small,28,0.01,2153.2,2261.9,1.338,1.405,False
230050034003003,Small,50,0.02,2181.0,2468.7,1.355,1.534,False
230050031004001,Dyer,154,4.05,2188.4,2798.6,1.36,1.739,False
230050031004002,Dyer,24,0.01,1601.1,1652.1,0.995,1.027,False
230050031004006,Dyer,77,0.02,1744.7,1828.9,1.084,1.136,False
230050031004019,Dyer,35,0.01,1649.2,1723.1,1.025,1.071,False
230050033002012,Dyer,93,2.03,1649.8,1751.2,1.025,1.088,False
230050033002013,Dyer,33,0.01,1495.9,1597.3,0.93,0.993,False
230050033002002,Dyer,17,0.01,1677.6,1779.0,1.042,1.105,False
230050033002011,Dyer,80,0.02,1706.9,1796.0,1.061,1.116,False
230050033002003,Dyer,23,0.01,1718.3,1779.0,1.068,1.105,False
230050031004007,Dyer,56,2.02,2018.6,1859.0,1.254,1.155,False
230050033002014,Dyer,67,1.02,1895.4,1984.5,1.178,1.233,False
230050033002008,Dyer,46,1.01,1918.5,2091.2,1.192,1.299,False
230050031004018,Dyer,31,1.01,2012.5,2096.7,1.251,1.303,False
230050031004011,Dyer,46,0.01,2099.5,2174.2,1.305,1.351,False
230050031004005,Dyer,59,0.02,2194.6,2160.3,1.364,1.342,False
230050034005007,Dyer,495,7.15,2201.4,2362.1,1.368,1.468,False
230050034005012,Dyer,24,0.01,2046.4,2207.1,1.272,1.371,False
230050031002007,Dyer,307,6.09,2205.2,2240.4,1.37,1.392,False
230050031002005,Dyer,76,1.02,2273.4,2222.7,1.413,1.381,False
230050033001015,Dyer,138,4.04,2790.2,2239.6,1.734,1.392,False
230050031001002,Dyer,39,0.01,2240.7,2331.9,1.392,1.449,False
230050034004000,Dyer,317,5.1,2259.2,3300.2,1.404,2.051,False
230050031004010,Dyer,32,1.01,2263.3,2450.7,1.406,1.523,False
230050034003010,Small,24,1.01,2263.4,2596.6,1.406,1.613,False
230050031004012,Dyer,176,2.05,2331.2,2284.0,1.449,1.419,False
230050031004013,Dyer,91,0.03,2209.4,2036.3,1.373,1.265,False
230050031004017,Dyer,18,1.01,2106.9,2178.3,1.309,1.354,False
230050031004016,Dyer,42,1.01,2431.2,2284.0,1.511,1.419,False
230050034004003,Dyer,45,1.01,2297.6,2309.1,1.428,1.435,False
230050031002010,Dyer,107,0.03,2300.9,2305.4,1.43,1.433,False
230050034003004,Small,46,0.01,2316.4,2558.7,1.439,1.59,False
230050031002006,Dyer,26,1.01,2319.7,2324.2,1.441,1.444,False
230050031001001,Dyer,352,5.11,2322.3,2413.5,1.443,1.5,False
230050031004015,Dyer,22,0.01,2355.7,2455.3,1.464,1.526,False
230050034003014,Small,19,0.01,2358.1,2691.3,1.465,1.672,False
230050031002001,Dyer,30,1.01,2381.6,2386.1,1.48,1.483,False
230050031002004,Dyer,59,0.02,2393.5,2398.0,1.487,1.49,False
230050034003007,Small,31,0.01,2408.8,2742.0,1.497,1.704,False
230050032003005,Small,124,0.04,2524.1,2412.6,1.568,1.499,False
230050032003009,Small,19,0.01,2266.1,2068.1,1.408,1.285,False
230050032003023,Small,36,0.01,2103.2,2137.5,1.307,1.328,False
230050032003019,Small,40,0.01,2293.1,2137.5,1.425,1.328,False
230050032003011,Small,24,0.01,2504.8,2251.0,1.556,1.399,False
230050031002011,Dyer,305,7.09,2452.2,2456.7,1.524,1.527,False
230050034003013,Small,62,0.02,2482.2,2771.5,1.542,1.722,False
230050032003007,Small,70,0.02,2669.9,2489.9,1.659,1.547,False
230050032003013,Small,49,0.01,2690.2,2489.9,1.672,1.547,False
230050034002006,Small,121,0.04,2495.7,2600.2,1.551,1.616,False
230050033001016,Dyer,23,0.01,2496.6,2640.7,1.551,1.641,False
230050034005011,Dyer,57,1.02,2383.4,2548.0,1.481,1.583,False
230050031002002,Dyer,31,1.01,2741.5,2501.4,1.703,1.554,False
230050034003006,Small,53,3.02,2543.7,2771.5,1.581,1.722,False
230050032003006,Small,47,0.01,2628.9,2558.1,1.634,1.59,False
230050033002007,Dyer,270,3.08,2562.8,2651.9,1.592,1.648,False
230050033002016,Dyer,44,1.01,2258.5,2359.9,1.403,1.466,False
230050033002010,Dyer,24,0.01,2348.5,2437.6,1.459,1.515,False
230050033002009,Dyer,31,0.01,2419.5,2508.7,1.503,1.559,False
230050033002001,Dyer,65,0.02,2520.0,2621.4,1.566,1.629,False
230050033002017,Dyer,47,1.01,2558.2,2647.3,1.59,1.645,False
230050032003012,Small,22,0.01,2628.4,2580.0,1.633,1.603,False
230050030011005,Dyer,25,0.01,2581.1,2695.9,1.604,1.675,False
230050034003005,Small,92,1.03,2644.4,2747.2,1.643,1.707,False
230050032003010,Small,38,0.01,2582.7,2725.9,1.605,1.694,False
230050034003011,Small,30,1.01,2584.3,2917.5,1.606,1.813,False
230050031004003,Dyer,46,0.01,2587.1,2678.2,1.608,1.664,False
230050034004004,Dyer,28,0.01,2603.9,2615.5,1.618,1.625,False
230050034004005,Dyer,67,1.02,2603.9,2615.5,1.618,1.625,False
230050031002000,Dyer,59,1.02,2616.2,2609.9,1.626,1.622,False
230050030011006,Dyer,26,0.01,2735.6,2664.2,1.7,1.655,False
230050034004001,Small,33,1.01,2716.4,2985.8,1.688,1.855,False
230050034003015,Small,40,0.01,2757.8,3091.1,1.714,1.921,False
230050030011002,Dyer,22,1.01,2768.6,2914.6,1.72,1.811,False
230050034003016,Small,33,0.01,2797.1,3130.3,1.738,1.945,False
230050034004006,Small,72,1.02,3120.5,3453.7,1.939,2.146,False
230050034003012,Small,83,1.03,2907.2,3240.4,1.806,2.014,False
230050034004002,Small,86,0.03,2915.2,3184.5,1.811,1.979,False
230050034004007,Dyer,79,2.02,2917.2,2928.7,1.813,1.82,False
230050033002000,Dyer,44,0.01,2922.0,3032.9,1.816,1.885,False
230050034005013,Dyer,64,0.02,3011.0,3320.2,1.871,2.063,False
230050034005015,Dyer,45,1.01,2794.8,2955.6,1.737,1.837,False
230050034005016,Dyer,88,0.03,2960.0,3120.7,1.839,1.939,False
230050034005010,Dyer,212,4.06,3022.0,3086.3,1.878,1.918,False
230050034005017,Dyer,75,0.02,3032.7,3193.4,1.884,1.984,False
230050033001014,Dyer,156,0.05,3455.4,3137.4,2.147,1.95,False
230050030011004,Small,71,1.02,6531.8,8750.6,4.059,5.437,False
230050030011008,Dyer,35,1.01,2966.2,2972.8,1.843,1.847,False
230050030011018,Dyer,54,1.02,2994.2,3033.7,1.861,1.885,False
230050030011017,Dyer,87,0.03,3173.7,3180.3,1.972,1.976,False
230050030011007,Dyer,265,4.08,3400.4,3265.4,2.113,2.029,False
230050030011009,Dyer,22,1.01,3075.9,3161.1,1.911,1.964,False
230050030011019,Dyer,50,1.02,3122.0,3207.2,1.94,1.993,False
230050030011011,Dyer,27,0.01,3180.2,3265.4,1.976,2.029,False
230050030011010,Dyer,35,0.01,3256.5,3341.7,2.024,2.076,False
230050030011020,Dyer,31,0.01,3269.7,3354.9,2.032,2.085,False
230050034005014,Dyer,20,0.01,3305.5,3472.0,2.054,2.157,False
230050033002021,Dyer,32,1.01,3327.2,3412.4,2.067,2.12,False
230050030011021,Dyer,42,1.01,3349.7,3398.9,2.081,2.112,False
230050030011022,Dyer,51,0.02,3385.5,3663.4,2.104,2.276,False
230050033002022,Dyer,25,0.01,3399.4,3484.6,2.112,2.165,False
230050033002029,Dyer,44,0.01,3459.6,3428.0,2.15,2.13,False
230050033002024,Dyer,44,1.01,3479.6,3564.8,2.162,2.215,False
230050033002030,Dyer,88,0.03,3520.4,3564.8,2.187,2.215,False
230050033002025,Dyer,52,2.02,3520.4,3711.5,2.187,2.306,False
230050030011023,Dyer,81,6.02,3578.2,3663.4,2.223,2.276,False
230050030011012,Dyer,124,0.04,3602.3,3608.9,2.238,2.242,False
230050030011013,Dyer,110,0.03,3429.4,3390.1,2.131,2.107,False
230050030011025,Dyer,17,1.01,3612.2,3811.1,2.245,2.368,False
230050033002023,Dyer,45,0.01,3630.9,3702.8,2.256,2.301,False
230050030011014,Dyer,420,9.13,3701.0,3707.6,2.3,2.304,False
230050030011015,Dyer,42,0.01,3327.6,3334.2,2.068,2.072,False
230050030011026,Dyer,24,1.01,3827.7,3777.2,2.378,2.347,False
230050030011016,Dyer,25,1.01,3782.5,3789.1,2.35,2.354,False
230050030012019,Dyer,14,1.0,4161.4,3938.2,2.586,2.447,False
230050030011024,Dyer,57,0.02,3965.4,3972.0,2.464,2.468,False
230050030012012,Dyer,27,1.01,3888.8,3895.4,2.416,2.42,False
230050030012011,Dyer,25,0.01,4032.9,4039.5,2.506,2.51,False
230050030012013,Dyer,63,2.02,4039.4,4046.0,2.51,2.514,False
230050030012017,Dyer,16,0.0,4067.8,4074.4,2.528,2.532,False
230050030012021,Dyer,27,1.01,4093.0,4177.5,2.543,2.596,False
230050030012023,Dyer,32,0.01,4093.0,4177.5,2.543,2.596,False
230050030012016,Dyer,62,2.02,4094.3,4100.9,2.544,2.548,False
230050030012008,Dyer,50,0.02,4114.9,4121.5,2.557,2.561,False
230050030012014,Dyer,36,2.01,4118.8,4125.4,2.559,2.563,False
230050030012009,Dyer,23,0.01,4129.7,4136.2,2.566,2.57,False
230050030012010,Dyer,75,0.02,4146.5,4153.1,2.577,2.581,False
230050033002018,Dyer,284,1.09,5280.3,4225.6,3.281,2.626,False
230050030012004,Dyer,48,0.01,4262.5,4269.1,2.649,2.653,False
230050030012006,Dyer,85,3.03,4303.8,4502.5,2.674,2.798,False
230050030012003,Dyer,51,2.02,4294.8,4301.4,2.669,2.673,False
230050030012015,Dyer,27,0.01,4303.8,4338.5,2.674,2.696,False
230050030013013,Dyer,31,3.01,4746.8,4504.5,2.95,2.799,False
230050030013020,Dyer,35,1.01,4750.6,4498.4,2.952,2.795,False
230050030012007,Dyer,76,1.02,4531.3,4537.9,2.816,2.82,False
230050030012002,Dyer,40,1.01,4581.1,4587.7,2.847,2.851,False
230050030012005,Dyer,44,0.01,4581.1,4587.7,2.847,2.851,False
230050030012001,Dyer,170,3.05,4589.5,4596.1,2.852,2.856,False
230050030013015,Dyer,39,1.01,4968.0,4725.6,3.087,2.936,False
230050030013018,Dyer,26,0.01,4988.4,4725.6,3.1,2.936,False
230050030013009,Dyer,44,0.01,4993.8,4751.5,3.103,2.952,False
230050030013016,Dyer,44,2.01,5021.3,4779.0,3.12,2.97,False
230050030013008,Dyer,489,6.15,5224.6,4982.2,3.246,3.096,False
230050030013011,Dyer,50,3.02,5224.6,4982.2,3.246,3.096,False
230050030021010,Small,669,15.2,9945.4,9028.8,6.18,5.61,False
230050030021014,Small,321,9.1,9039.1,8286.3,5.617,5.149,False
230050030021006,Small,646,8.2,9385.1,8658.0,5.832,5.38,False
230050030021019,Small,154,6.05,8675.9,8044.3,5.391,4.998,False
230050030021022,Small,167,5.05,8600.5,7986.1,5.344,4.962,False
230050030021017,Small,73,5.02,8785.4,8234.3,5.459,5.117,False
230050030021031,Small,164,4.05,8885.3,8176.3,5.521,5.081,False
230050030021015,Small,153,4.05,9172.1,8286.3,5.699,5.149,False
230050030021023,Small,48,4.01,8795.4,8044.3,5.465,4.998,False
230050030021030,Small,165,3.05,8255.5,7563.1,5.13,4.699,False
230050030021011,Small,149,3.05,8780.6,8140.2,5.456,5.058,False
230050030021020,Small,131,3.04,8537.6,7856.8,5.305,4.882,False
230050030021018,Small,84,3.03,8642.8,8002.4,5.37,4.972,False
230050030021032,Small,61,2.02,8643.6,8003.2,5.371,4.973,False
230050030013010,Small,49,2.02,8757.2,8312.0,5.442,5.165,False
230050030021016,Small,69,1.02,8737.8,8140.2,5.429,5.058,False
230050030013012,Dyer,44,1.01,5312.5,5070.2,3.301,3.15,False
230050030013014,Small,30,1.01,8851.0,8405.7,5.5,5.223,False
230050030021029,Small,179,0.05,8757.4,7920.6,5.442,4.922,False
230050030021012,Small,30,0.01,8855.6,8100.0,5.503,5.033,False
230050030021007,Small,24,0.01,9424.2,8710.8,5.856,5.413,False
230050030022012,Small,123,0.0,11324.4,,7.037,,False
